S, p, e, c, i, e, s
I, r, i, s, -, s, e, t, o, s, a
I, r, i, s, -, s, e, t, o, s, a
I, r, i, s, -, s, e, t, o, s, a
I, r, i, s, -, s, e, t, o, s, a
I, r, i, s, -, s, e, t, o, s, a
I, r, i, s, -, s, e, t, o, s, a
I, r, i, s, -, s, e, t, o, s, a
I, r, i, s, -, s, e, t, o, s, a
I, r, i, s, -, s, e, t, o, s, a
I, r, i, s, -, s, e, t, o, s, a
I, r, i, s, -, s, e, t, o, s, a
I, r, i, s, -, s, e, t, o, s, a
I, r, i, s, -, s, e, t, o, s, a
I, r, i, s, -, s, e, t, o, s, a
I, r, i, s, -, s, e, t, o, s, a
I, r, i, s, -, s, e, t, o, s, a
I, r, i, s, -, s, e, t, o, s, a
I, r, i, s, -, s, e, t, o, s, a
I, r, i, s, -, s, e, t, o, s, a
I, r, i, s, -, s, e, t, o, s, a
I, r, i, s, -, s, e, t, o, s, a
I, r, i, s, -, s, e, t, o, s, a
I, r, i, s, -, s, e, t, o, s, a
I, r, i, s, -, s, e, t, o, s, a
I, r, i, s, -, s, e, t, o, s, a
I, r, i, s, -, s, e, t, o, s, a
I, r, i, s, -, s, e, t, o, s, a
I, r, i, s, -, s, e, t, o, s, a
I, r, i, s, -, s, e, t, o, s, a
I, r, i, s, -, s, e, t, o, s, a
I, r, i, s, -, s, e, t, o, s, a
I, r, i, s, -, s, e, t, o, s, a
I, r, i, s, -, s, e, t, o, s, a
I, r, i, s, -, s, e, t, o, s, a
I, r, i, s, -, s, e, t, o, s, a
I, r, i, s, -, s, e, t, o, s, a
I, r, i, s, -, s, e, t, o, s, a
I, r, i, s, -, s, e, t, o, s, a
I, r, i, s, -, s, e, t, o, s, a
I, r, i, s, -, s, e, t, o, s, a
I, r, i, s, -, s, e, t, o, s, a
I, r, i, s, -, s, e, t, o, s, a
I, r, i, s, -, s, e, t, o, s, a
I, r, i, s, -, s, e, t, o, s, a
I, r, i, s, -, s, e, t, o, s, a
I, r, i, s, -, s, e, t, o, s, a
I, r, i, s, -, s, e, t, o, s, a
I, r, i, s, -, s, e, t, o, s, a
I, r, i, s, -, s, e, t, o, s, a
I, r, i, s, -, s, e, t, o, s, a
I, r, i, s, -, v, e, r, s, i, c, o, l, o, r
I, r, i, s, -, v, e, r, s, i, c, o, l, o, r
I, r, i, s, -, v, e, r, s, i, c, o, l, o, r
I, r, i, s, -, v, e, r, s, i, c, o, l, o, r
I, r, i, s, -, v, e, r, s, i, c, o, l, o, r
I, r, i, s, -, v, e, r, s, i, c, o, l, o, r
I, r, i, s, -, v, e, r, s, i, c, o, l, o, r
I, r, i, s, -, v, e, r, s, i, c, o, l, o, r
I, r, i, s, -, v, e, r, s, i, c, o, l, o, r
I, r, i, s, -, v, e, r, s, i, c, o, l, o, r
I, r, i, s, -, v, e, r, s, i, c, o, l, o, r
I, r, i, s, -, v, e, r, s, i, c, o, l, o, r
I, r, i, s, -, v, e, r, s, i, c, o, l, o, r
I, r, i, s, -, v, e, r, s, i, c, o, l, o, r
I, r, i, s, -, v, e, r, s, i, c, o, l, o, r
I, r, i, s, -, v, e, r, s, i, c, o, l, o, r
I, r, i, s, -, v, e, r, s, i, c, o, l, o, r
I, r, i, s, -, v, e, r, s, i, c, o, l, o, r
I, r, i, s, -, v, e, r, s, i, c, o, l, o, r
I, r, i, s, -, v, e, r, s, i, c, o, l, o, r
I, r, i, s, -, v, e, r, s, i, c, o, l, o, r
I, r, i, s, -, v, e, r, s, i, c, o, l, o, r
I, r, i, s, -, v, e, r, s, i, c, o, l, o, r
I, r, i, s, -, v, e, r, s, i, c, o, l, o, r
I, r, i, s, -, v, e, r, s, i, c, o, l, o, r
I, r, i, s, -, v, e, r, s, i, c, o, l, o, r
I, r, i, s, -, v, e, r, s, i, c, o, l, o, r
I, r, i, s, -, v, e, r, s, i, c, o, l, o, r
I, r, i, s, -, v, e, r, s, i, c, o, l, o, r
I, r, i, s, -, v, e, r, s, i, c, o, l, o, r
I, r, i, s, -, v, e, r, s, i, c, o, l, o, r
I, r, i, s, -, v, e, r, s, i, c, o, l, o, r
I, r, i, s, -, v, e, r, s, i, c, o, l, o, r
I, r, i, s, -, v, e, r, s, i, c, o, l, o, r
I, r, i, s, -, v, e, r, s, i, c, o, l, o, r
I, r, i, s, -, v, e, r, s, i, c, o, l, o, r
I, r, i, s, -, v, e, r, s, i, c, o, l, o, r
I, r, i, s, -, v, e, r, s, i, c, o, l, o, r
I, r, i, s, -, v, e, r, s, i, c, o, l, o, r
I, r, i, s, -, v, e, r, s, i, c, o, l, o, r
I, r, i, s, -, v, e, r, s, i, c, o, l, o, r
I, r, i, s, -, v, e, r, s, i, c, o, l, o, r
I, r, i, s, -, v, e, r, s, i, c, o, l, o, r
I, r, i, s, -, v, e, r, s, i, c, o, l, o, r
I, r, i, s, -, v, e, r, s, i, c, o, l, o, r
I, r, i, s, -, v, e, r, s, i, c, o, l, o, r
I, r, i, s, -, v, e, r, s, i, c, o, l, o, r
I, r, i, s, -, v, e, r, s, i, c, o, l, o, r
I, r, i, s, -, v, e, r, s, i, c, o, l, o, r
I, r, i, s, -, v, e, r, s, i, c, o, l, o, r
I, r, i, s, -, v, i, r, g, i, n, i, c, a
I, r, i, s, -, v, i, r, g, i, n, i, c, a
I, r, i, s, -, v, i, r, g, i, n, i, c, a
I, r, i, s, -, v, i, r, g, i, n, i, c, a
I, r, i, s, -, v, i, r, g, i, n, i, c, a
I, r, i, s, -, v, i, r, g, i, n, i, c, a
I, r, i, s, -, v, i, r, g, i, n, i, c, a
I, r, i, s, -, v, i, r, g, i, n, i, c, a
I, r, i, s, -, v, i, r, g, i, n, i, c, a
I, r, i, s, -, v, i, r, g, i, n, i, c, a
I, r, i, s, -, v, i, r, g, i, n, i, c, a
I, r, i, s, -, v, i, r, g, i, n, i, c, a
I, r, i, s, -, v, i, r, g, i, n, i, c, a
I, r, i, s, -, v, i, r, g, i, n, i, c, a
I, r, i, s, -, v, i, r, g, i, n, i, c, a
I, r, i, s, -, v, i, r, g, i, n, i, c, a
I, r, i, s, -, v, i, r, g, i, n, i, c, a
I, r, i, s, -, v, i, r, g, i, n, i, c, a
I, r, i, s, -, v, i, r, g, i, n, i, c, a
I, r, i, s, -, v, i, r, g, i, n, i, c, a
I, r, i, s, -, v, i, r, g, i, n, i, c, a
I, r, i, s, -, v, i, r, g, i, n, i, c, a
I, r, i, s, -, v, i, r, g, i, n, i, c, a
I, r, i, s, -, v, i, r, g, i, n, i, c, a
I, r, i, s, -, v, i, r, g, i, n, i, c, a
I, r, i, s, -, v, i, r, g, i, n, i, c, a
I, r, i, s, -, v, i, r, g, i, n, i, c, a
I, r, i, s, -, v, i, r, g, i, n, i, c, a
I, r, i, s, -, v, i, r, g, i, n, i, c, a
I, r, i, s, -, v, i, r, g, i, n, i, c, a
I, r, i, s, -, v, i, r, g, i, n, i, c, a
I, r, i, s, -, v, i, r, g, i, n, i, c, a
I, r, i, s, -, v, i, r, g, i, n, i, c, a
I, r, i, s, -, v, i, r, g, i, n, i, c, a
I, r, i, s, -, v, i, r, g, i, n, i, c, a
I, r, i, s, -, v, i, r, g, i, n, i, c, a
I, r, i, s, -, v, i, r, g, i, n, i, c, a
I, r, i, s, -, v, i, r, g, i, n, i, c, a
I, r, i, s, -, v, i, r, g, i, n, i, c, a
I, r, i, s, -, v, i, r, g, i, n, i, c, a
I, r, i, s, -, v, i, r, g, i, n, i, c, a
I, r, i, s, -, v, i, r, g, i, n, i, c, a
I, r, i, s, -, v, i, r, g, i, n, i, c, a
I, r, i, s, -, v, i, r, g, i, n, i, c, a
I, r, i, s, -, v, i, r, g, i, n, i, c, a
I, r, i, s, -, v, i, r, g, i, n, i, c, a
I, r, i, s, -, v, i, r, g, i, n, i, c, a
I, r, i, s, -, v, i, r, g, i, n, i, c, a
I, r, i, s, -, v, i, r, g, i, n, i, c, a
I, r, i, s, -, v, i, r, g, i, n, i, c, a
